objectId,inSize,outSize,totalTime,correctTime,oneOfAsAnyOf,parsing,extractSchema,2Full,2Witness,notElim,merge1,groupize,separation,expansion,preparation,merge3,initGEnv,genWitness,genSuccess,noWitness,valid,#iterations,cancelledAt,dateAndTime,timeout,git,machine
draft2019_09_valid_boolean_schema_id10_subschema1_not_2,144,408,494,461,true,27,342,5,18,0,1,9,0,1,2,0,20,2,true,false,true,2,,26092022_173144,0,null,76ba3b4c3347
draft2019_09_valid_boolean_schema_id16_subschema1_not_2,145,257,82,81,true,2,1,2,6,0,0,2,0,1,44,0,9,12,true,false,true,2,,,,,
draft2019_09_valid_boolean_schema_id18_subschema1_not_2,145,377,36,35,true,0,0,0,7,0,7,2,0,0,2,1,14,0,true,false,true,2,,,,,
draft2019_09_valid_boolean_schema_id12_subschema1_not_2,147,260,12,11,true,0,0,0,3,0,0,3,0,0,1,0,1,0,true,false,true,2,,,,,
draft2019_09_valid_boolean_schema_id14_subschema1_not_2,147,166,6,5,true,0,0,1,0,0,0,1,0,0,0,0,1,1,true,false,true,2,,,,,
draft2019_09_valid_boolean_schema_id11_subschema1_not_2,148,264,9,8,true,0,0,0,3,0,0,1,0,0,0,0,1,1,true,false,true,2,,,,,
draft2019_09_valid_boolean_schema_id13_subschema1_not_2,148,260,5,4,true,0,0,0,1,0,0,1,0,0,0,0,1,0,true,false,true,2,,,,,
draft2019_09_nonvalid_boolean_schema_id1_subschema1_not_2,182,408,12,3,true,0,0,0,0,0,0,0,1,0,0,0,1,0,true,false,true,2,,,,,
draft2019_09_nonvalid_boolean_schema_id7_subschema1_not_2,183,257,7,6,true,0,0,0,1,0,0,1,0,0,1,1,1,1,true,false,true,2,,,,,
draft2019_09_nonvalid_boolean_schema_id9_subschema1_not_2,183,377,5,4,true,0,0,0,0,0,0,1,0,0,0,1,1,0,true,false,true,2,,,,,
draft2019_09_nonvalid_boolean_schema_id3_subschema1_not_2,185,260,3,3,true,0,0,0,1,0,0,0,0,1,0,0,1,0,true,false,true,2,,,,,
draft2019_09_nonvalid_boolean_schema_id5_subschema1_not_2,185,166,22,20,true,0,1,0,0,0,0,0,0,0,0,0,1,1,true,false,true,2,,,,,
draft2019_09_valid_minItems_id3_subschema1_not_2,185,377,16,15,true,0,2,0,2,0,3,1,0,0,1,0,1,0,true,false,true,2,,,,,
draft2019_09_valid_minimum_id10_subschema1_not_2,185,462,13,10,true,1,1,0,1,0,0,2,0,1,0,0,1,1,true,false,true,2,,,,,
draft2019_09_valid_type_id52_subschema1_not_2,185,408,7,5,true,0,0,0,0,0,0,2,0,0,0,0,0,1,true,false,true,2,,,,,
draft2019_09_valid_type_id54_subschema1_not_2,185,408,4,3,true,0,0,0,0,0,0,1,0,0,0,0,1,0,true,false,true,2,,,,,
draft2019_09_nonvalid_boolean_schema_id2_subschema1_not_2,186,264,4,3,true,0,0,1,0,0,0,1,0,0,0,0,1,0,true,false,true,2,,,,,
draft2019_09_nonvalid_boolean_schema_id4_subschema1_not_2,186,260,3,2,true,0,0,0,0,0,0,1,0,1,0,0,0,0,true,false,true,2,,,,,
draft2019_09_valid_multipleOf_id2_subschema1_not_2,186,466,6,5,true,0,0,1,1,0,0,1,0,0,1,0,1,0,true,false,true,2,,,,,
draft2019_09_valid_type_id35_subschema1_not_2,186,408,4,3,true,0,0,0,0,0,0,1,0,0,0,0,1,0,true,false,true,2,,,,,
draft2019_09_valid_type_id56_subschema1_not_2,186,258,3,3,true,0,0,0,0,0,0,1,0,0,0,0,2,0,true,false,true,2,,,,,
draft2019_09_valid_type_id57_subschema1_not_2,186,257,5,4,true,0,0,0,0,0,0,1,0,0,1,0,1,0,true,false,true,2,,,,,
draft2019_09_valid_type_id58_subschema1_not_2,186,377,3,3,true,0,0,0,0,0,1,0,0,0,0,1,0,1,true,false,true,2,,,,,
draft2019_09_valid_maximum_id3_subschema1_not_2,187,457,4,3,true,0,0,0,1,0,0,1,0,0,0,0,1,0,true,false,true,2,,,,,
draft2019_09_valid_minLength_id3_subschema1_not_2,187,334,14,13,true,0,0,1,10,0,0,0,0,0,0,0,1,0,true,false,true,2,,,,,
draft2019_09_valid_minimum_id3_subschema1_not_2,187,457,5,5,true,0,0,0,0,0,1,1,1,0,0,0,0,1,true,false,true,2,,,,,
draft2019_09_valid_type_id19_subschema1_not_2,187,408,3,3,true,0,1,0,0,0,0,1,0,0,0,0,0,1,true,false,true,2,,,,,
draft2019_09_valid_type_id28_subschema1_not_2,187,408,5,4,true,0,0,1,0,0,0,0,0,1,0,0,0,0,true,false,true,2,,,,,
draft2019_09_valid_type_id38_subschema1_not_2,187,257,4,4,true,0,0,0,0,0,0,0,0,1,0,0,0,1,true,false,true,2,,,,,
draft2019_09_valid_type_id53_subschema1_not_2,187,408,4,3,true,0,0,1,0,0,0,1,0,0,0,0,0,0,true,false,true,2,,,,,
draft2019_09_valid_boolean_schema_id17_subschema1_not_2,188,1136,9,9,true,0,0,0,1,0,0,1,3,1,1,0,1,1,true,false,true,2,,,,,
draft2019_09_valid_type_id15_subschema1_not_2,188,257,4,4,true,0,0,0,0,0,0,0,0,0,1,0,1,1,true,false,true,2,,,,,
draft2019_09_valid_type_id16_subschema1_not_2,188,377,3,2,true,0,0,0,1,0,0,0,0,0,1,0,0,0,true,false,true,2,,,,,
draft2019_09_valid_type_id24_subschema1_not_2,188,257,4,3,true,0,0,0,1,0,0,0,0,0,1,0,1,0,true,false,true,2,,,,,
draft2019_09_valid_type_id25_subschema1_not_2,188,377,8,7,true,1,0,0,1,0,1,1,0,1,0,0,1,0,true,false,true,2,,,,,
draft2019_09_valid_type_id32_subschema1_not_2,188,377,3,3,true,0,0,0,0,0,0,0,0,1,0,0,0,0,true,false,true,2,,,,,
draft2019_09_valid_type_id36_subschema1_not_2,188,408,5,3,true,0,0,0,0,0,0,1,0,0,0,0,0,0,true,false,true,2,,,,,
draft2019_09_valid_type_id42_subschema1_not_2,188,408,3,2,true,0,0,0,0,0,0,1,0,0,0,0,0,0,true,false,true,2,,,,,
draft2019_09_valid_type_id43_subschema1_not_2,188,408,4,4,true,0,0,0,1,0,0,1,0,0,0,1,0,0,true,false,true,2,,,,,
draft2019_09_valid_type_id59_subschema1_not_2,188,260,3,2,true,0,0,0,0,0,0,0,0,0,0,1,0,0,true,false,true,2,,,,,
draft2019_09_valid_maxLength_id3_subschema1_not_2,189,338,6,6,true,0,0,0,3,0,0,1,0,1,0,0,0,1,true,false,true,2,,,,,
draft2019_09_valid_maximum_id8_subschema1_not_2,189,467,6,5,true,1,0,0,0,0,1,1,0,0,1,0,1,0,true,false,true,2,,,,,
draft2019_09_valid_multipleOf_id6_subschema1_not_2,189,470,3,2,true,0,0,0,1,0,0,0,0,0,1,0,0,0,true,false,true,2,,,,,
draft2019_09_valid_type_id14_subschema1_not_2,189,260,5,4,true,0,0,0,1,0,0,0,0,1,0,0,1,1,true,false,true,2,,,,,
draft2019_09_valid_type_id20_subschema1_not_2,189,408,3,2,true,0,0,0,1,0,0,0,0,1,0,0,0,0,true,false,true,2,,,,,
draft2019_09_valid_type_id29_subschema1_not_2,189,408,5,4,true,0,0,0,1,0,0,1,0,0,0,1,0,0,true,false,true,2,,,,,
draft2019_09_valid_type_id40_subschema1_not_2,189,260,2,2,true,0,0,0,0,0,0,0,0,0,0,0,1,0,true,false,true,2,,,,,
draft2019_09_valid_type_id41_subschema1_not_2,189,166,3,3,true,0,0,1,0,0,0,1,0,0,0,0,0,1,true,false,true,2,,,,,
draft2019_09_valid_type_id46_subschema1_not_2,189,258,4,3,true,0,0,0,0,0,0,0,0,0,0,0,1,0,true,false,true,2,,,,,
draft2019_09_valid_type_id47_subschema1_not_2,189,257,4,3,true,1,0,0,0,0,0,1,0,0,0,0,1,0,true,false,true,2,,,,,
draft2019_09_valid_type_id48_subschema1_not_2,189,377,5,4,true,0,0,0,0,1,0,1,0,0,0,1,1,0,true,false,true,2,,,,,
draft2019_09_valid_type_id55_subschema1_not_2,189,264,3,2,true,0,0,0,1,0,0,0,0,0,0,0,0,0,true,false,true,2,,,,,
draft2019_09_valid_type_id60_subschema1_not_2,189,260,5,4,true,0,0,0,1,0,0,1,0,0,0,0,1,0,true,false,true,2,,,,,
draft2019_09_valid_type_id6_subschema1_not_2,189,407,5,4,true,0,0,0,1,0,0,1,0,0,1,0,0,0,true,false,true,2,,,,,
draft2019_09_valid_type_id7_subschema1_not_2,189,527,7,6,true,0,1,0,0,0,1,1,0,0,0,1,1,0,true,false,true,2,,,,,
draft2019_09_valid_minProperties_id3_subschema1_not_2,190,257,7,7,true,1,1,0,0,0,0,0,0,0,1,0,1,1,true,false,true,2,,,,,
draft2019_09_valid_minimum_id9_subschema1_not_2,190,474,5,4,true,1,0,0,0,0,1,0,0,0,0,0,1,0,true,false,true,2,,,,,
draft2019_09_valid_type_id17_subschema1_not_2,190,260,4,3,true,0,0,0,1,0,0,1,0,0,0,0,1,0,true,false,true,2,,,,,
draft2019_09_valid_type_id18_subschema1_not_2,190,166,3,2,true,1,0,0,0,0,0,0,0,1,0,0,0,0,true,false,true,2,,,,,
draft2019_09_valid_type_id26_subschema1_not_2,190,260,4,3,true,0,0,0,1,0,0,0,0,1,0,0,0,1,true,false,true,2,,,,,
draft2019_09_valid_type_id27_subschema1_not_2,190,166,4,3,true,0,0,0,1,0,0,1,0,0,0,0,1,0,true,false,true,2,,,,,
draft2019_09_valid_type_id33_subschema1_not_2,190,260,3,3,true,0,0,0,1,0,0,0,0,1,0,0,1,0,true,false,true,2,,,,,
draft2019_09_valid_type_id34_subschema1_not_2,190,166,3,2,true,0,0,0,0,0,0,0,0,0,0,0,0,0,true,false,true,2,,,,,
draft2019_09_valid_type_id37_subschema1_not_2,190,264,5,4,true,0,0,0,0,0,0,1,0,0,0,0,1,0,true,false,true,2,,,,,
draft2019_09_valid_type_id3_subschema1_not_2,190,572,6,5,true,1,0,0,0,0,0,1,0,0,0,0,1,0,true,false,true,2,,,,,
draft2019_09_valid_type_id44_subschema1_not_2,190,408,3,3,true,0,0,1,0,0,0,1,0,0,0,0,1,0,true,false,true,2,,,,,
draft2019_09_valid_type_id5_subschema1_not_2,190,410,4,3,true,0,0,0,1,0,0,1,0,0,0,0,1,0,true,false,true,2,,,,,
draft2019_09_valid_type_id13_subschema1_not_2,191,264,4,3,true,1,0,0,0,0,0,1,0,0,0,0,1,0,true,false,true,2,,,,,
draft2019_09_valid_type_id30_subschema1_not_2,191,264,5,4,true,0,0,0,1,0,0,1,0,0,0,0,1,0,true,false,true,2,,,,,
draft2019_09_valid_type_id51_subschema1_not_2,191,166,2,1,true,0,0,0,0,0,0,0,0,0,0,0,0,0,true,false,true,2,,,,,
draft2019_09_valid_type_id8_subschema1_not_2,191,410,4,3,true,0,0,0,1,0,0,1,0,0,0,0,0,0,true,false,true,2,,,,,
draft2019_09_valid_type_id9_subschema1_not_2,191,316,3,2,true,0,0,0,0,0,0,1,1,0,0,0,0,0,true,false,true,2,,,,,
draft2019_09_valid_pattern_id2_subschema1_not_2,192,337,6,5,true,0,1,1,1,0,0,0,0,0,0,0,0,0,true,false,true,2,,,,,
draft2019_09_valid_type_id45_subschema1_not_2,192,264,5,5,true,0,1,0,0,0,0,1,0,1,0,0,1,1,true,false,true,2,,,,,
draft2019_09_valid_type_id4_subschema1_not_2,192,414,3,2,true,0,0,0,1,0,0,0,0,0,0,0,0,0,true,false,true,2,,,,,
draft2019_09_valid_boolean_schema_id15_subschema1_not_2,195,1371,35,34,true,0,0,0,3,0,0,1,0,0,3,1,10,6,true,false,true,2,,,,,
draft2019_09_valid_multipleOf_id8_subschema1_not_2,197,488,10,8,true,0,1,0,0,0,0,2,0,0,0,0,1,0,true,false,true,2,,,,,
draft2019_09_valid_const_id2_subschema1_not_2,220,562,4,4,true,0,1,0,0,0,0,1,0,0,1,0,0,1,true,false,true,2,,,,,
draft2019_09_valid_const_id34_subschema1_not_2,221,411,4,4,true,0,0,0,0,0,1,0,0,0,0,1,0,1,true,false,true,2,,,,,
draft2019_09_valid_const_id35_subschema1_not_2,221,531,4,3,true,0,0,0,0,0,1,1,0,0,0,1,0,0,true,false,true,2,,,,,
draft2019_09_valid_const_id36_subschema1_not_2,221,412,3,2,true,0,0,0,0,0,0,1,0,0,0,0,1,0,true,false,true,2,,,,,
draft2019_09_valid_const_id3_subschema1_not_2,222,414,3,3,true,0,0,0,1,0,0,0,0,0,0,0,1,0,true,false,true,2,,,,,
draft2019_09_valid_const_id12_subschema1_not_2,223,408,5,4,true,0,0,1,0,0,0,1,0,1,0,0,1,0,true,false,true,2,,,,,
draft2019_09_valid_const_id17_subschema1_not_2,223,461,2,2,true,0,0,0,0,0,0,1,0,0,0,0,1,0,true,false,true,2,,,,,
draft2019_09_valid_const_id37_subschema1_not_2,223,414,3,2,true,0,0,0,0,0,0,1,0,0,1,0,0,0,true,false,true,2,,,,,
draft2019_09_valid_const_id41_subschema1_not_2,223,564,3,3,true,1,0,0,0,0,0,1,0,0,0,0,0,0,true,false,true,2,,,,,
draft2019_09_valid_const_id14_subschema1_not_2,224,462,4,3,true,0,0,0,1,0,0,1,0,0,0,0,1,0,true,false,true,2,,,,,
draft2019_09_valid_const_id31_subschema1_not_2,224,414,3,3,true,0,0,1,0,0,0,1,0,0,0,0,1,0,true,false,true,2,,,,,
draft2019_09_valid_const_id18_subschema1_not_2,225,461,2,2,true,0,0,0,0,0,1,0,0,0,0,1,0,0,true,false,true,2,,,,,
draft2019_09_valid_const_id43_subschema1_not_2,225,564,4,3,true,0,0,0,1,0,0,1,0,0,0,0,0,0,true,false,true,2,,,,,
draft2019_09_nonvalid_boolean_schema_id8_subschema1_not_2,226,1136,6,6,true,1,0,0,0,0,1,0,1,0,1,0,1,0,true,false,true,2,,,,,
draft2019_09_valid_const_id15_subschema1_not_2,226,462,2,2,true,0,0,0,1,0,0,0,0,0,1,0,0,0,true,false,true,2,,,,,
draft2019_09_valid_type_id70_subschema1_not_2,229,416,2,2,true,0,0,0,1,0,0,0,0,0,0,0,1,0,true,false,true,2,,,,,
draft4_valid_maximum_id14_subschema1_not_2,229,458,7,5,true,1,0,0,1,0,0,1,0,0,0,1,0,0,true,false,true,2,,,,,
draft4_valid_minimum_id10_subschema1_not_2,229,458,3,2,true,0,0,0,0,0,1,0,0,0,0,0,0,0,true,false,true,2,,,,,
draft2019_09_valid_const_id44_subschema1_not_2,230,584,5,5,true,0,1,0,0,0,0,2,0,0,0,0,0,1,true,false,true,2,,,,,
draft4_valid_maximum_id11_subschema1_not_2,230,457,3,3,true,0,0,0,1,0,0,0,0,0,0,0,0,1,true,false,true,2,,,,,
draft4_valid_minimum_id7_subschema1_not_2,230,457,2,1,true,0,0,0,0,0,0,1,0,0,0,0,0,0,true,false,true,2,,,,,
draft2019_09_nonvalid_minimum_id5_subschema1_not_2,231,459,5,2,true,0,0,0,0,0,0,1,0,0,0,1,0,0,true,false,true,2,,,,,
draft2019_09_nonvalid_items_id10_subschema1_not_2,232,435,6,4,true,0,1,0,0,0,1,0,0,0,1,0,0,0,true,false,true,2,,,,,
draft2019_09_nonvalid_minItems_id3_subschema1_not_2,232,312,3,2,true,0,1,0,0,0,0,0,0,0,0,0,0,0,true,false,true,2,,,,,
draft2019_09_nonvalid_minLength_id3_subschema1_not_2,232,463,6,5,true,0,0,0,2,0,1,0,0,0,0,0,1,0,true,false,true,2,,,,,
draft2019_09_nonvalid_minimum_id4_subschema1_not_2,232,463,2,2,true,0,0,0,0,0,0,1,0,0,0,0,0,0,true,false,true,2,,,,,
draft2019_09_nonvalid_minimum_id6_subschema1_not_2,232,463,5,4,true,0,0,0,1,0,0,1,0,0,0,0,0,1,true,false,true,2,,,,,
draft2019_09_nonvalid_boolean_schema_id6_subschema1_not_2,233,1371,9,9,true,0,0,0,0,0,0,0,0,1,1,0,1,2,true,false,true,2,,,,,
draft2019_09_nonvalid_items_id11_subschema1_not_2,233,378,5,4,true,0,0,0,1,0,0,1,0,0,0,1,1,0,true,false,true,2,,,,,
draft2019_09_nonvalid_minimum_id8_subschema1_not_2,233,311,2,1,true,0,0,0,0,0,0,0,0,0,1,0,0,0,true,false,true,2,,,,,
draft2019_09_nonvalid_maxLength_id1_subschema1_not_2,234,334,7,6,true,0,0,0,3,0,0,1,0,1,0,0,1,0,true,false,true,2,,,,,
draft2019_09_nonvalid_maxLength_id3_subschema1_not_2,234,470,6,6,true,0,0,0,2,0,0,1,0,0,0,0,0,1,true,false,true,2,,,,,
draft2019_09_nonvalid_maximum_id1_subschema1_not_2,234,458,5,4,true,1,0,0,0,0,0,1,0,1,0,0,1,0,true,false,true,2,,,,,
draft2019_09_nonvalid_maximum_id2_subschema1_not_2,234,458,4,3,true,0,0,0,1,0,0,0,0,0,0,0,1,0,true,false,true,2,,,,,
draft2019_09_nonvalid_maximum_id3_subschema1_not_2,234,310,4,3,true,1,0,0,0,0,0,1,0,0,0,0,1,0,true,false,true,2,,,,,
draft2019_09_nonvalid_maximum_id5_subschema1_not_2,234,468,3,2,true,0,0,0,0,0,0,0,0,0,0,1,0,0,true,false,true,2,,,,,
draft2019_09_nonvalid_minimum_id1_subschema1_not_2,234,458,3,2,true,0,0,0,0,0,0,1,0,0,0,0,1,0,true,false,true,2,,,,,
draft2019_09_nonvalid_minimum_id2_subschema1_not_2,234,458,3,2,true,0,0,0,1,0,0,0,0,0,0,0,0,0,true,false,true,2,,,,,
draft2019_09_nonvalid_minimum_id3_subschema1_not_2,234,310,3,2,true,0,0,0,0,0,0,0,0,0,0,0,1,0,true,false,true,2,,,,,
draft2019_09_nonvalid_minimum_id7_subschema1_not_2,234,463,2,2,true,0,0,0,0,0,0,1,0,0,0,0,1,0,true,false,true,2,,,,,
draft2019_09_nonvalid_multipleOf_id1_subschema1_not_2,234,470,3,2,true,0,0,0,0,0,0,0,0,0,0,0,1,0,true,false,true,2,,,,,
draft2019_09_nonvalid_not_id6_subschema1_not_2,234,264,3,3,true,1,0,0,0,0,0,0,0,0,1,0,1,0,true,false,true,2,,,,,
draft2019_09_nonvalid_type_id10_subschema1_not_2,234,377,6,5,true,1,0,0,0,0,1,1,0,0,0,1,0,0,true,false,true,2,,,,,
draft2019_09_nonvalid_type_id3_subschema1_not_2,234,408,3,2,true,0,0,0,1,0,0,0,0,0,0,0,0,0,true,false,true,2,,,,,
draft2019_09_nonvalid_maxLength_id2_subschema1_not_2,235,336,5,4,true,0,0,0,2,0,1,0,0,0,0,0,1,0,true,false,true,2,,,,,
draft2019_09_nonvalid_minLength_id2_subschema1_not_2,235,336,3,3,true,0,0,0,1,0,0,1,0,0,0,0,0,1,true,false,true,2,,,,,
draft2019_09_nonvalid_multipleOf_id3_subschema1_not_2,235,466,4,3,true,0,0,0,0,0,0,0,0,0,0,0,1,0,true,false,true,2,,,,,
draft2019_09_nonvalid_type_id13_subschema1_not_2,235,166,1,1,true,0,0,0,0,0,0,0,0,0,1,0,0,0,true,false,true,2,,,,,
draft2019_09_nonvalid_type_id1_subschema1_not_2,235,466,5,4,true,1,0,0,0,0,0,1,0,0,0,0,0,0,true,false,true,2,,,,,
draft2019_09_nonvalid_type_id8_subschema1_not_2,235,258,3,2,true,0,0,0,0,0,0,1,0,0,0,0,1,0,true,false,true,2,,,,,
draft2019_09_nonvalid_type_id9_subschema1_not_2,235,257,3,3,true,0,0,0,1,0,0,0,0,0,1,0,0,1,true,false,true,2,,,,,
draft2019_09_nonvalid_maximum_id6_subschema1_not_2,236,468,3,2,true,0,0,0,1,0,0,0,0,0,1,0,0,0,true,false,true,2,,,,,
draft2019_09_nonvalid_minLength_id1_subschema1_not_2,236,338,2,2,true,0,0,0,1,0,0,0,0,0,0,1,0,0,true,false,true,2,,,,,
draft2019_09_nonvalid_pattern_id5_subschema1_not_2,236,314,4,3,true,0,0,1,0,0,0,1,0,0,0,0,1,0,true,false,true,2,,,,,
draft2019_09_nonvalid_pattern_id6_subschema1_not_2,236,434,3,3,true,0,0,1,0,0,1,0,0,0,0,0,0,0,true,false,true,2,,,,,
draft2019_09_nonvalid_type_id4_subschema1_not_2,236,408,2,2,true,0,0,0,0,0,0,1,0,0,0,0,1,0,true,false,true,2,,,,,
draft2019_09_nonvalid_type_id5_subschema1_not_2,236,408,2,1,true,0,0,0,0,0,0,0,0,0,1,0,0,0,true,false,true,2,,,,,
draft2019_09_nonvalid_type_id7_subschema1_not_2,236,260,4,4,true,1,0,0,0,0,0,0,0,1,0,0,1,0,true,false,true,2,,,,,
draft2019_09_valid_maxProperties_id8_subschema1_not_2,236,1625,9,9,true,0,0,0,1,0,0,1,0,0,1,1,0,1,true,false,true,2,,,,,
draft2019_09_valid_multipleOf_id9_subschema1_not_2,236,807,7,6,true,0,0,0,1,0,0,1,0,0,0,0,0,1,true,false,true,2,,,,,
draft2019_09_nonvalid_maxProperties_id5_subschema1_not_2,237,459,2,2,true,0,0,0,1,0,0,0,0,0,0,0,0,0,true,false,true,2,,,,,
draft2019_09_nonvalid_maxProperties_id6_subschema1_not_2,237,257,5,5,true,1,0,0,0,0,0,1,0,0,1,0,1,1,true,false,true,2,,,,,
draft2019_09_nonvalid_maximum_id4_subschema1_not_2,237,472,2,2,true,0,0,0,0,0,0,1,0,0,0,0,1,0,true,false,true,2,,,,,
draft2019_09_nonvalid_minProperties_id3_subschema1_not_2,237,421,3,2,true,0,0,0,0,0,1,0,0,0,0,1,0,0,true,false,true,2,,,,,
draft2019_09_nonvalid_minProperties_id4_subschema1_not_2,237,302,2,2,true,0,0,0,1,0,0,0,0,0,0,0,1,0,true,false,true,2,,,,,
draft2019_09_nonvalid_minProperties_id5_subschema1_not_2,237,456,4,3,true,0,0,0,1,0,0,1,0,0,0,0,1,0,true,false,true,2,,,,,
draft2019_09_nonvalid_multipleOf_id2_subschema1_not_2,237,311,2,2,true,0,0,0,0,0,0,0,0,0,0,0,0,1,true,false,true,2,,,,,
draft2019_09_nonvalid_multipleOf_id4_subschema1_not_2,237,466,2,2,true,0,0,0,0,0,0,1,0,0,0,0,0,0,true,false,true,2,,,,,
draft2019_09_nonvalid_pattern_id3_subschema1_not_2,237,473,3,3,true,0,0,0,1,0,0,1,0,0,0,0,0,1,true,false,true,2,,,,,
draft2019_09_nonvalid_pattern_id4_subschema1_not_2,237,465,4,3,true,0,0,0,1,0,0,1,0,0,0,0,1,0,true,false,true,2,,,,,
draft2019_09_nonvalid_type_id2_subschema1_not_2,237,466,5,4,true,0,0,0,0,0,0,1,0,0,0,0,1,0,true,false,true,2,,,,,
draft2019_09_nonvalid_maxItems_id3_subschema1_not_2,238,327,4,3,true,0,1,0,0,0,0,1,0,0,0,0,1,0,true,false,true,2,,,,,
draft2019_09_nonvalid_pattern_id2_subschema1_not_2,238,317,15,15,true,0,0,1,0,0,0,11,0,1,0,0,0,1,true,false,true,2,,,,,
draft2019_09_nonvalid_pattern_id7_subschema1_not_2,238,223,3,3,true,0,0,1,0,0,1,0,0,0,0,0,1,0,true,false,true,2,,,,,
draft2019_09_nonvalid_type_id11_subschema1_not_2,238,260,2,2,true,0,0,0,1,0,0,0,0,0,0,0,1,0,true,false,true,2,,,,,
draft2019_09_nonvalid_type_id6_subschema1_not_2,238,264,3,2,true,0,0,0,1,0,0,0,0,0,0,0,1,0,true,false,true,2,,,,,
draft2019_09_nonvalid_pattern_id1_subschema1_not_2,239,337,4,4,true,0,0,0,1,0,0,0,0,0,0,0,0,1,true,false,true,2,,,,,
draft2019_09_nonvalid_type_id12_subschema1_not_2,239,260,3,2,true,0,0,0,0,0,0,0,0,0,0,0,0,0,true,false,true,2,,,,,
draft2019_09_nonvalid_pattern_id8_subschema1_not_2,240,339,4,4,true,0,0,1,1,0,0,1,0,0,0,0,1,0,true,false,true,2,,,,,
draft2019_09_nonvalid_maxProperties_id4_subschema1_not_2,243,317,4,4,true,0,0,1,0,0,0,1,0,1,0,0,0,1,true,false,true,2,,,,,
draft2019_09_nonvalid_multipleOf_id5_subschema1_not_2,243,484,3,2,true,0,0,0,1,0,0,0,0,0,0,0,0,0,true,false,true,2,,,,,
draft2019_09_valid_const_id46_subschema1_not_2,250,664,5,4,true,0,0,0,0,0,0,1,0,0,1,0,1,0,true,false,true,2,,,,,
draft2019_09_valid_enum_id10_subschema1_not_2,251,420,3,3,true,1,0,0,0,0,0,1,0,0,0,0,1,0,true,false,true,2,,,,,
draft2019_09_valid_const_id48_subschema1_not_2,252,664,3,3,true,0,0,0,1,0,0,1,0,0,0,0,0,0,true,false,true,2,,,,,
draft2019_09_valid_allOf_id13_subschema1_not_2,255,264,2,2,true,0,0,0,1,0,0,0,0,0,0,0,1,0,true,false,true,2,,,,,
draft2019_09_valid_allOf_id14_subschema1_not_2,256,264,2,2,true,0,0,0,1,0,0,0,0,0,0,0,1,0,true,false,true,2,,,,,
draft2019_09_valid_anyOf_id10_subschema1_not_2,256,264,3,3,true,0,1,0,0,0,0,1,0,0,0,0,0,1,true,false,true,2,,,,,
draft2019_09_valid_type_id73_subschema1_not_2,258,416,4,4,true,0,0,0,1,0,0,1,0,0,1,0,1,0,true,false,true,2,,,,,
draft2019_09_valid_type_id65_subschema1_not_2,259,407,3,3,true,0,0,0,1,0,0,0,0,0,1,0,0,1,true,false,true,2,,,,,
draft2019_09_valid_type_id66_subschema1_not_2,259,527,5,5,true,0,0,0,1,0,0,1,0,0,0,1,0,0,true,false,true,2,,,,,
draft2019_09_valid_type_id75_subschema1_not_2,259,166,1,1,true,0,0,0,0,0,0,1,0,0,0,0,0,0,true,false,true,2,,,,,
draft2019_09_valid_type_id64_subschema1_not_2,260,572,5,4,true,1,0,0,0,0,0,2,0,0,0,0,0,0,true,false,true,2,,,,,
draft2019_09_valid_type_id74_subschema1_not_2,260,264,2,2,true,0,0,0,0,0,0,1,0,0,0,0,1,0,true,false,true,2,,,,,
draft2019_09_valid_type_id67_subschema1_not_2,261,410,3,2,true,0,0,0,0,0,1,0,0,0,0,0,0,0,true,false,true,2,,,,,
draft2019_09_valid_type_id68_subschema1_not_2,261,316,2,2,true,0,0,0,0,0,0,1,0,0,0,0,0,1,true,false,true,2,,,,,
draft2019_09_valid_enum_id2_subschema1_not_2,266,870,7,7,true,0,0,0,1,0,0,2,0,0,3,0,1,0,true,false,true,2,,,,,
draft2019_09_valid_maxItems_id3_subschema1_not_2,270,3328,11,11,true,0,0,0,1,0,1,2,2,0,1,1,1,1,true,false,true,2,,,,,
draft2019_09_nonvalid_maxItems_id1_subschema1_not_2,271,1403,4,4,true,0,0,0,0,0,0,0,1,0,0,0,0,1,true,false,true,2,,,,,
draft2019_09_nonvalid_minItems_id2_subschema1_not_2,271,1400,3,3,true,0,0,0,0,0,0,1,1,0,0,0,1,0,true,false,true,2,,,,,
draft2019_09_nonvalid_const_id12_subschema1_not_2,275,408,2,2,true,0,0,0,0,0,0,1,0,0,0,0,0,1,true,false,true,2,,,,,
draft2019_09_nonvalid_const_id14_subschema1_not_2,275,408,1,1,true,0,0,0,0,0,0,0,1,0,0,0,0,0,true,false,true,2,,,,,
draft2019_09_nonvalid_const_id1_subschema1_not_2,275,408,4,3,true,0,0,0,1,0,0,1,0,0,0,0,0,0,true,false,true,2,,,,,
draft2019_09_nonvalid_allOf_id5_subschema1_not_2,277,408,2,2,true,0,0,0,0,0,0,0,0,0,0,0,1,0,true,false,true,2,,,,,
draft2019_09_nonvalid_const_id13_subschema1_not_2,277,408,1,1,true,0,0,0,0,0,0,0,0,0,0,1,0,0,true,false,true,2,,,,,
draft2019_09_nonvalid_const_id15_subschema1_not_2,277,408,2,1,true,0,0,0,0,0,0,1,0,0,0,0,0,0,true,false,true,2,,,,,
draft2019_09_valid_items_id13_subschema1_not_2,278,2742,13,12,true,0,0,0,1,0,2,2,1,0,0,0,1,1,true,false,true,2,,,,,
draft2019_09_nonvalid_const_id16_subschema1_not_2,279,412,2,2,true,0,0,0,0,0,0,0,0,1,0,0,0,0,true,false,true,2,,,,,
draft2019_09_valid_oneOf_id8_subschema1_not_2,280,264,9,4,false,0,1,1,0,0,0,0,0,0,0,0,1,1,true,false,true,2,,,,,
draft4_nonvalid_maximum_id10_subschema1_not_2,280,457,3,2,true,0,0,0,0,0,0,1,0,0,0,0,1,0,true,false,true,2,,,,,
draft4_nonvalid_minimum_id7_subschema1_not_2,280,457,3,2,true,1,0,0,0,0,0,0,0,0,0,0,0,0,true,false,true,2,,,,,
draft2019_09_nonvalid_const_id17_subschema1_not_2,281,412,3,2,true,0,0,0,0,0,0,1,0,1,0,0,0,0,true,false,true,2,,,,,
draft2019_09_nonvalid_const_id5_subschema1_not_2,281,166,2,2,true,0,0,0,0,0,0,0,0,0,0,0,0,1,true,false,true,2,,,,,
draft2019_09_nonvalid_const_id7_subschema1_not_2,281,260,3,2,true,0,0,0,1,0,0,0,0,0,1,0,0,0,true,false,true,2,,,,,
draft2019_09_valid_oneOf_id10_subschema1_not_2,281,264,3,2,false,0,0,0,0,0,0,1,0,0,0,0,1,0,true,false,true,2,,,,,
draft4_nonvalid_maximum_id7_subschema1_not_2,281,458,5,4,true,0,1,0,0,0,0,1,0,0,1,0,0,0,true,false,true,2,,,,,
draft4_nonvalid_maximum_id8_subschema1_not_2,281,458,3,2,true,0,0,0,0,0,0,0,0,0,1,0,0,0,true,false,true,2,,,,,
draft4_nonvalid_maximum_id9_subschema1_not_2,281,310,4,4,true,1,0,0,0,0,0,1,0,0,0,0,1,1,true,false,true,2,,,,,
draft4_nonvalid_minimum_id4_subschema1_not_2,281,458,3,2,true,0,0,0,0,0,0,0,0,0,0,0,0,0,true,false,true,2,,,,,
draft4_nonvalid_minimum_id5_subschema1_not_2,281,458,4,3,true,0,0,0,0,0,1,0,0,0,0,0,1,0,true,false,true,2,,,,,
draft4_nonvalid_minimum_id6_subschema1_not_2,281,310,3,2,true,0,0,0,0,0,0,1,0,0,0,0,1,0,true,false,true,2,,,,,
draft2019_09_nonvalid_const_id6_subschema1_not_2,283,260,2,1,true,0,0,0,0,0,0,0,0,1,0,0,0,0,true,false,true,2,,,,,
draft2019_09_nonvalid_maxProperties_id1_subschema1_not_2,283,1628,14,14,true,0,0,0,1,0,0,2,2,1,2,0,1,2,true,false,true,2,,,,,
draft2019_09_nonvalid_minProperties_id2_subschema1_not_2,283,1625,13,13,true,0,1,0,0,0,0,2,1,0,1,0,1,2,true,false,true,2,,,,,
draft2019_09_valid_oneOf_id11_subschema1_not_2,283,264,2,2,true,0,0,0,0,0,0,1,0,0,0,0,0,1,true,false,true,2,,,,,
draft2019_09_nonvalid_type_id16_subschema1_not_2,286,264,4,3,true,0,0,0,1,0,0,1,0,0,0,0,1,0,true,false,true,2,,,,,
draft2019_09_valid_type_id79_subschema1_not_2,286,416,1,1,true,0,0,0,0,0,0,0,1,0,0,0,0,0,true,false,true,2,,,,,
draft2019_09_valid_type_id80_subschema1_not_2,288,264,3,3,true,0,0,0,0,0,1,0,0,0,0,1,1,0,true,false,true,2,,,,,
draft2019_09_nonvalid_required_id5_subschema1_not_2,290,298,5,4,true,0,1,1,0,0,0,0,0,0,1,0,1,0,true,false,true,2,,,,,
draft2019_09_nonvalid_additionalItems_id8_subschema1_not_2,293,1371,19,17,true,0,0,9,1,0,0,1,1,0,1,0,1,1,true,false,true,2,,,,,
draft2019_09_nonvalid_maxItems_id2_subschema1_not_2,294,2413,11,10,true,0,0,0,1,0,1,2,2,0,1,0,1,0,true,false,true,2,,,,,
draft2019_09_nonvalid_minItems_id1_subschema1_not_2,294,2410,8,7,true,1,0,0,0,0,1,1,1,1,0,0,1,0,true,false,true,2,,,,,
draft2019_09_nonvalid_not_id1_subschema1_not_2,294,414,3,2,true,0,0,0,1,0,0,0,0,0,0,1,0,0,true,false,true,2,,,,,
draft2019_09_valid_maxProperties_id3_subschema1_not_2,296,4200,22,22,true,0,0,0,1,0,1,4,3,0,2,0,2,3,true,false,true,2,,,,,
draft2019_09_valid_additionalProperties_id13_subschema1_not_2,299,2746,27,26,true,0,1,0,2,0,1,1,1,0,7,0,1,4,true,false,true,3,,,,,
draft2019_09_valid_items_id2_subschema1_not_2,302,3883,20,20,true,0,0,0,1,0,1,3,3,0,4,0,2,1,true,false,true,3,,,,,
draft2019_09_nonvalid_allOf_id6_subschema1_not_2,305,408,2,2,true,0,0,0,0,0,0,1,0,0,0,0,1,0,true,false,true,2,,,,,
draft2019_09_nonvalid_const_id18_subschema1_not_2,305,476,2,1,true,0,0,0,0,0,1,0,0,0,0,0,0,0,true,false,true,2,,,,,
draft2019_09_nonvalid_enum_id5_subschema1_not_2,305,785,3,2,true,0,0,0,0,0,0,1,0,0,1,0,0,0,true,false,true,2,,,,,
draft2019_09_nonvalid_const_id19_subschema1_not_2,307,476,1,1,true,0,0,0,0,0,0,0,0,0,0,0,0,0,true,false,true,2,,,,,
draft2019_09_nonvalid_enum_id4_subschema1_not_2,308,543,4,4,true,1,0,0,0,0,0,1,0,0,0,0,1,0,true,false,true,2,,,,,
draft2019_09_valid_oneOf_id17_subschema1_not_2,310,416,3,1,false,0,0,0,0,0,0,1,0,0,0,0,0,0,true,false,true,2,,,,,
draft2019_09_nonvalid_items_id13_subschema1_not_2,311,660,6,5,true,0,0,0,1,0,0,1,0,0,1,0,1,0,true,false,true,2,,,,,
draft2019_09_valid_const_id23_subschema1_not_2,311,2369,17,17,true,0,0,0,1,0,1,3,1,0,5,1,0,1,true,false,true,3,,,,,
draft2019_09_valid_allOf_id18_subschema1_not_2,312,264,3,3,true,0,0,0,1,0,0,0,0,0,0,0,1,0,true,false,true,2,,,,,
draft2019_09_valid_allOf_id20_subschema1_not_2,312,264,2,2,true,0,0,0,0,0,0,0,0,0,0,0,1,0,true,false,true,2,,,,,
draft2019_09_valid_const_id20_subschema1_not_2,312,2371,12,12,true,0,0,0,1,0,1,2,2,0,3,0,0,1,true,false,true,3,,,,,
draft2019_09_nonvalid_allOf_id4_subschema1_not_2,313,264,2,1,true,0,0,0,0,0,0,0,1,0,0,0,0,0,true,false,true,2,,,,,
draft2019_09_nonvalid_anyOf_id5_subschema1_not_2,313,264,2,1,true,0,0,0,0,0,0,1,0,0,0,0,0,0,true,false,true,2,,,,,
draft2019_09_nonvalid_maxProperties_id2_subschema1_not_2,313,3031,17,16,true,0,0,0,2,0,1,3,2,0,2,0,1,2,true,false,true,2,,,,,
draft2019_09_nonvalid_minProperties_id1_subschema1_not_2,313,3028,16,16,true,0,0,0,1,0,1,2,2,0,2,0,1,2,true,false,true,2,,,,,
draft2019_09_valid_const_id24_subschema1_not_2,313,2369,17,7,false,0,0,0,0,0,1,1,1,0,2,0,1,0,true,false,false,3,,,,,
draft2019_09_nonvalid_anyOf_id6_subschema1_not_2,314,264,4,3,true,0,0,0,1,0,0,1,0,0,0,0,1,0,true,false,true,2,,,,,
draft2019_09_valid_const_id21_subschema1_not_2,314,2371,16,7,false,1,0,1,0,0,0,1,0,0,1,0,0,0,true,false,false,3,,,,,
draft2019_09_nonvalid_type_id14_subschema1_not_2,317,638,6,5,true,0,0,0,1,0,0,1,0,0,0,0,1,0,true,false,true,2,,,,,
draft2019_09_valid_properties_id17_subschema1_not_2,317,2248,11,10,true,0,0,0,1,0,0,1,1,0,2,0,1,1,true,false,true,2,,,,,
draft2019_09_valid_items_id16_subschema1_not_2,318,2844,15,14,true,0,0,0,2,0,1,4,1,1,1,1,1,0,true,false,true,2,,,,,
draft2019_09_valid_not_id4_subschema1_not_2,318,637,3,2,true,0,0,0,0,0,0,1,0,0,0,0,0,0,true,false,true,2,,,,,
draft2019_09_nonvalid_type_id15_subschema1_not_2,321,483,3,3,true,0,0,0,1,0,0,0,0,1,0,0,0,1,true,false,true,2,,,,,
draft2019_09_valid_const_id29_subschema1_not_2,321,3406,27,26,true,0,0,0,1,0,0,2,1,0,7,1,1,2,true,false,true,3,,,,,
draft2019_09_valid_not_id5_subschema1_not_2,321,478,3,2,true,0,0,0,0,0,0,0,0,0,1,0,0,0,true,false,true,2,,,,,
draft2019_09_nonvalid_maxProperties_id3_subschema1_not_2,322,3321,21,20,true,0,1,0,1,0,1,4,3,1,0,1,3,1,true,false,true,2,,,,,
draft2019_09_valid_const_id26_subschema1_not_2,322,3408,27,27,true,0,0,0,1,0,1,4,2,0,5,0,2,2,true,false,true,3,,,,,
draft2019_09_valid_const_id30_subschema1_not_2,323,3406,40,15,false,0,0,0,0,0,1,1,1,0,3,1,1,1,true,false,false,3,,,,,
draft2019_09_nonvalid_items_id9_subschema1_not_2,324,2745,15,15,true,1,0,0,0,0,1,3,2,1,0,0,1,1,true,false,true,2,,,,,
draft2019_09_valid_const_id27_subschema1_not_2,324,3408,34,16,false,0,0,0,0,0,1,1,1,0,3,1,1,2,true,false,false,3,,,,,
draft2019_09_valid_patternProperties_id19_subschema1_not_2,324,2236,19,18,true,0,0,3,2,0,1,2,1,0,2,0,1,1,true,false,true,2,,,,,
draft2019_09_valid_patternProperties_id21_subschema1_not_2,327,2732,24,24,true,0,0,1,1,0,0,1,1,0,2,1,0,1,true,false,true,2,,,,,
draft2019_09_nonvalid_enum_id1_subschema1_not_2,329,1271,6,6,true,0,0,0,1,0,0,1,0,1,0,0,0,0,true,false,true,2,,,,,
draft2019_09_nonvalid_properties_id9_subschema1_not_2,330,404,5,5,true,0,0,0,1,0,0,1,0,0,1,0,0,1,true,false,true,2,,,,,
draft2019_09_nonvalid_patternProperties_id12_subschema1_not_2,337,477,5,5,true,1,0,0,1,0,0,1,0,0,1,0,1,0,true,false,true,2,,,,,
draft2019_09_nonvalid_items_id2_subschema1_not_2,343,1748,12,11,true,0,0,0,1,0,1,1,1,0,1,1,2,1,true,false,true,2,,,,,
draft2019_09_nonvalid_oneOf_id4_subschema1_not_2,345,264,3,2,true,1,0,0,0,0,0,0,0,0,0,0,0,0,true,false,true,2,,,,,
draft2019_09_valid_ref_id23_subschema1_not_2,345,2529,17,16,true,0,0,0,0,0,0,1,1,1,3,1,1,1,true,false,true,3,,,,,
draft2019_09_valid_properties_id18_subschema1_not_2,347,4110,16,15,true,1,0,0,0,0,0,2,2,0,2,1,1,2,true,false,true,2,,,,,
draft2019_09_nonvalid_items_id12_subschema1_not_2,350,1617,12,11,true,0,0,0,2,0,1,2,1,0,0,0,1,1,true,false,true,2,,,,,
draft2019_09_nonvalid_type_id21_subschema1_not_2,350,166,1,1,true,0,0,0,0,0,0,1,0,0,0,0,0,0,true,false,true,2,,,,,
draft2019_09_valid_additionalProperties_id8_subschema1_not_2,352,2293,10,9,true,0,0,2,0,0,0,1,0,0,1,1,0,1,true,false,true,2,,,,,
draft2019_09_valid_patternProperties_id20_subschema1_not_2,354,5094,17,17,true,0,0,1,1,0,0,2,1,0,2,0,1,2,true,false,true,2,,,,,
draft2019_09_nonvalid_additionalProperties_id9_subschema1_not_2,357,1516,12,11,true,0,0,0,2,0,0,1,1,1,2,0,1,1,true,false,true,2,,,,,
draft2019_09_nonvalid_type_id18_subschema1_not_2,364,1593,6,5,true,0,0,0,1,0,0,1,0,0,1,0,0,1,true,false,true,2,,,,,
draft2019_09_valid_allOf_id11_subschema1_not_2,365,684,2,1,true,0,0,0,0,0,0,1,0,0,0,0,0,0,true,false,true,2,,,,,
draft2019_09_valid_not_id9_subschema1_not_2,366,3045,8,8,true,0,0,0,0,0,0,1,1,0,1,0,0,2,true,false,true,2,,,,,
draft2019_09_valid_oneOf_id3_subschema1_not_2,367,854,5,2,false,0,0,0,0,0,1,0,0,0,1,0,0,0,true,false,true,2,,,,,
draft2019_09_valid_const_id6_subschema1_not_2,368,5841,17,17,true,0,0,0,0,0,0,1,1,1,4,1,2,2,true,false,true,3,,,,,
draft2019_09_nonvalid_patternProperties_id5_subschema1_not_2,369,792,6,5,true,0,0,2,1,0,0,1,0,0,0,1,0,0,true,false,true,2,,,,,
draft2019_09_valid_anyOf_id4_subschema1_not_2,369,621,2,2,true,0,1,0,0,0,0,0,0,0,0,1,0,0,true,false,true,2,,,,,
draft2019_09_valid_oneOf_id4_subschema1_not_2,369,621,7,4,true,0,0,1,0,0,0,1,0,0,1,0,0,1,true,false,true,2,,,,,
draft4_nonvalid_patternProperties_id3_subschema1_not_2,369,757,3,3,true,0,0,0,1,0,0,0,1,0,0,0,0,1,true,false,true,2,,,,,
draft4_nonvalid_patternProperties_id4_subschema1_not_2,369,638,5,4,true,0,0,1,0,0,0,0,0,1,0,0,1,0,true,false,true,2,,,,,
draft2019_09_nonvalid_patternProperties_id4_subschema1_not_2,372,644,3,3,true,1,0,0,0,0,0,0,0,0,0,0,1,0,true,false,true,2,,,,,
draft2019_09_nonvalid_additionalItems_id7_subschema1_not_2,374,5152,20,20,true,0,1,9,1,0,1,2,1,0,0,0,0,0,true,false,true,2,,,,,
draft2019_09_nonvalid_allOf_id7_subschema1_not_2,375,408,2,2,true,0,0,0,1,0,0,0,0,0,0,0,1,0,true,false,true,2,,,,,
draft2019_09_nonvalid_allOf_id8_subschema1_not_2,375,408,3,3,true,1,0,0,0,0,0,1,0,0,0,0,1,0,true,false,true,2,,,,,
draft2019_09_valid_const_id9_subschema1_not_2,375,5042,18,18,true,1,0,0,1,0,1,3,2,0,3,1,1,0,true,false,true,3,,,,,
draft2019_09_nonvalid_properties_id10_subschema1_not_2,376,1687,10,10,true,0,1,0,0,0,0,1,1,0,1,0,0,2,true,false,true,2,,,,,
draft2019_09_nonvalid_anyOf_id11_subschema1_not_2,377,416,1,1,true,0,0,0,0,0,0,0,0,1,0,0,0,0,true,false,true,2,,,,,
draft2019_09_nonvalid_const_id9_subschema1_not_2,377,969,5,4,true,0,0,0,0,0,0,1,0,0,1,0,1,0,true,false,true,2,,,,,
draft2019_09_nonvalid_items_id1_subschema1_not_2,378,4801,8,8,true,0,0,1,0,0,1,1,1,0,0,1,0,1,true,false,true,2,,,,,
draft2019_09_nonvalid_items_id3_subschema1_not_2,378,3176,14,14,true,0,0,0,1,0,0,2,1,0,2,0,1,2,true,false,true,2,,,,,
draft2019_09_nonvalid_anyOf_id10_subschema1_not_2,379,264,1,1,true,0,0,0,0,0,0,0,0,0,0,0,1,0,true,false,true,2,,,,,
draft2019_09_nonvalid_const_id8_subschema1_not_2,379,970,6,6,true,0,0,0,0,0,1,1,0,0,0,0,0,0,true,false,true,2,,,,,
draft2019_09_nonvalid_oneOf_id7_subschema1_not_2,379,264,2,2,true,0,0,0,1,0,0,0,0,0,0,0,1,0,true,false,true,2,,,,,
draft2019_09_valid_enum_id4_subschema1_not_2,379,2646,6,5,true,1,0,0,0,0,1,1,1,0,0,1,0,0,true,false,true,2,,,,,
draft2019_09_nonvalid_additionalItems_id3_subschema1_not_2,380,835,6,5,true,1,0,0,0,0,0,1,0,0,0,0,1,0,true,false,true,2,,,,,
draft2019_09_valid_const_id7_subschema1_not_2,380,4432,7,7,true,0,0,0,0,0,0,2,1,0,0,1,1,0,true,false,true,2,,,,,
draft2019_09_nonvalid_patternProperties_id11_subschema1_not_2,383,1893,10,10,true,0,0,1,1,0,0,1,1,0,2,1,1,2,true,false,true,2,,,,,
draft2019_09_nonvalid_const_id11_subschema1_not_2,387,1186,4,3,true,0,0,0,0,0,0,1,0,0,1,0,0,0,true,false,true,2,,,,,
draft2019_09_valid_required_id2_subschema1_not_2,387,3256,15,15,true,0,1,0,1,0,0,1,0,0,3,0,1,1,true,false,true,2,,,,,
draft2019_09_nonvalid_const_id10_subschema1_not_2,389,1187,6,5,true,0,0,0,1,0,0,0,1,0,0,1,0,1,true,false,true,2,,,,,
draft2019_09_nonvalid_not_id2_subschema1_not_2,389,414,2,2,true,0,0,0,1,0,0,0,0,0,0,0,1,0,true,false,true,2,,,,,
draft2019_09_valid_patternProperties_id3_subschema1_not_2,389,5309,18,17,true,0,0,0,1,0,0,1,1,1,3,0,2,1,true,false,true,3,,,,,
draft2019_09_valid_patternProperties_id4_subschema1_not_2,394,5066,18,18,true,1,0,0,1,0,0,1,1,1,4,0,2,1,true,false,true,3,,,,,
draft2019_09_nonvalid_type_id20_subschema1_not_2,396,1593,5,4,true,0,0,0,1,0,0,0,1,0,0,0,1,0,true,false,true,2,,,,,
draft2019_09_valid_anyOf_id5_subschema1_not_2,400,623,3,3,true,0,0,0,2,0,0,1,0,0,0,0,0,0,true,false,true,2,,,,,
draft2019_09_valid_oneOf_id5_subschema1_not_2,400,623,3,2,true,0,0,0,1,0,0,1,0,0,0,0,0,0,true,false,true,2,,,,,
draft2019_09_nonvalid_type_id17_subschema1_not_2,401,3274,11,11,true,0,0,0,1,0,1,2,2,0,0,0,1,1,true,false,true,2,,,,,
draft2019_09_valid_ref_id3_subschema1_not_2,402,2730,13,13,true,0,1,1,1,0,0,1,1,0,2,0,1,3,true,false,true,2,,,,,
draft2019_09_nonvalid_default_id2_subschema1_not_2,404,755,4,4,true,0,0,0,0,0,0,0,1,0,1,0,1,0,true,false,true,2,,,,,
draft2019_09_valid_anyOf_id7_subschema1_not_2,404,510,2,2,true,0,0,0,1,0,0,1,0,0,0,0,0,0,true,false,true,2,,,,,
draft2019_09_valid_oneOf_id7_subschema1_not_2,404,797,11,6,false,0,1,0,3,0,0,1,0,0,1,0,0,0,true,false,true,2,,,,,
draft2019_09_nonvalid_additionalItems_id2_subschema1_not_2,407,5210,9,8,true,0,0,0,1,0,1,1,1,0,0,1,1,0,true,false,true,2,,,,,
draft2019_09_nonvalid_ref_id11_subschema1_not_2,410,1860,7,7,true,0,0,1,0,0,0,1,0,0,1,0,1,1,true,false,true,3,,,,,
draft2019_09_nonvalid_patternProperties_id3_subschema1_not_2,412,1516,3,3,true,0,0,0,1,0,0,0,1,0,0,0,0,0,true,false,true,2,,,,,
draft2019_09_nonvalid_required_id2_subschema1_not_2,412,438,2,2,true,0,0,0,0,0,0,0,0,0,0,0,0,1,true,false,true,2,,,,,
draft2019_09_nonvalid_required_id3_subschema1_not_2,412,319,2,1,true,0,0,0,1,0,0,0,0,0,0,0,0,0,true,false,true,2,,,,,
draft2019_09_nonvalid_required_id4_subschema1_not_2,412,473,3,3,true,0,0,0,0,0,1,0,0,0,0,0,0,1,true,false,true,2,,,,,
draft2019_09_nonvalid_additionalProperties_id6_subschema1_not_2,413,1775,5,5,true,0,0,0,0,0,0,0,1,0,1,0,0,1,true,false,true,2,,,,,
draft2019_09_valid_allOf_id22_subschema1_not_2,413,416,1,1,true,0,0,0,0,0,0,1,0,0,0,0,0,0,true,false,true,2,,,,,
draft2019_09_valid_anyOf_id18_subschema1_not_2,413,416,3,2,true,0,0,1,0,0,0,0,0,0,0,0,0,0,true,false,true,2,,,,,
draft2019_09_valid_oneOf_id27_subschema1_not_2,413,416,1,1,true,0,0,0,0,0,0,0,0,0,0,0,0,0,true,false,true,2,,,,,
draft2019_09_nonvalid_patternProperties_id1_subschema1_not_2,415,2467,12,11,true,0,0,1,1,0,0,1,1,1,2,0,0,0,true,false,true,3,,,,,
draft2019_09_nonvalid_additionalItems_id4_subschema1_not_2,419,1792,6,6,true,0,0,1,0,0,1,1,0,1,0,0,0,1,true,false,true,2,,,,,
draft2019_09_valid_additionalItems_id8_subschema1_not_2,421,5850,13,13,true,1,0,0,0,0,0,3,1,0,1,0,0,1,true,false,true,2,,,,,
draft2019_09_valid_const_id10_subschema1_not_2,421,7157,20,19,true,0,0,0,1,0,1,4,2,0,2,1,1,0,true,false,true,3,,,,,
draft2019_09_valid_enum_id5_subschema1_not_2,427,4562,19,18,true,0,0,1,0,0,0,2,1,1,3,0,1,1,true,false,true,3,,,,,
draft2019_09_nonvalid_not_id5_subschema1_not_2,429,3082,10,9,true,0,1,0,0,0,0,2,1,0,1,0,1,1,true,false,true,2,,,,,
draft2019_09_valid_additionalItems_id2_subschema1_not_2,432,6287,25,25,true,0,0,0,1,0,1,4,2,1,5,1,1,1,true,false,true,3,,,,,
draft2019_09_nonvalid_type_id19_subschema1_not_2,433,3274,13,12,true,0,0,0,1,0,0,2,3,1,0,0,1,0,true,false,true,2,,,,,
draft2019_09_nonvalid_additionalProperties_id10_subschema1_not_2,435,3788,12,12,true,1,0,0,0,0,1,1,2,0,2,0,1,2,true,false,true,2,,,,,
draft2019_09_valid_items_id6_subschema1_not_2,438,4213,14,14,true,0,0,0,1,0,1,2,1,0,2,0,0,0,true,false,true,3,,,,,
draft2019_09_nonvalid_allOf_id3_subschema1_not_2,440,514,2,1,true,0,0,0,0,0,0,0,1,0,0,0,0,0,true,false,true,2,,,,,
draft2019_09_nonvalid_additionalItems_id5_subschema1_not_2,442,2787,12,11,true,0,0,0,1,0,1,3,2,0,0,1,1,0,true,false,true,2,,,,,
draft2019_09_nonvalid_additionalItems_id9_subschema1_not_2,442,3444,8,8,true,0,0,0,1,0,1,1,1,1,0,0,1,0,true,false,true,2,,,,,
draft2019_09_nonvalid_anyOf_id1_subschema1_not_2,442,589,2,2,true,0,0,0,0,0,0,0,0,0,0,1,0,0,true,false,true,2,,,,,
draft2019_09_nonvalid_anyOf_id3_subschema1_not_2,442,648,4,4,true,0,0,1,0,0,0,1,0,0,1,0,1,0,true,false,true,2,,,,,
draft2019_09_nonvalid_oneOf_id1_subschema1_not_2,442,589,2,2,true,0,0,0,0,0,0,1,0,0,0,0,1,0,true,false,true,2,,,,,
draft2019_09_valid_patternProperties_id11_subschema1_not_2,443,3969,18,17,true,0,0,1,1,0,0,1,1,0,4,0,2,1,true,false,true,3,,,,,
draft2019_09_valid_patternProperties_id12_subschema1_not_2,443,5063,25,25,true,0,0,1,1,0,0,1,1,0,4,0,1,3,true,false,true,3,,,,,
draft2019_09_nonvalid_anyOf_id2_subschema1_not_2,444,648,5,4,true,0,0,0,1,0,0,1,0,0,1,0,1,0,true,false,true,2,,,,,
draft2019_09_nonvalid_oneOf_id2_subschema1_not_2,444,648,3,2,true,0,0,0,1,0,0,0,0,0,0,1,0,0,true,false,true,2,,,,,
draft2019_09_valid_additionalItems_id15_subschema1_not_2,445,4152,17,17,true,0,0,0,1,0,1,2,1,0,3,1,1,1,true,false,true,3,,,,,
draft2019_09_nonvalid_items_id7_subschema1_not_2,447,1277,5,4,true,0,0,0,0,0,1,1,0,0,0,0,0,0,true,false,true,2,,,,,
draft2019_09_valid_not_id8_subschema1_not_2,448,1862,7,6,true,0,0,0,0,0,0,1,0,0,1,1,1,0,true,false,true,3,,,,,
draft2019_09_nonvalid_patternProperties_id2_subschema1_not_2,449,4358,15,14,true,0,0,0,1,0,0,1,1,0,2,0,1,1,true,false,true,3,,,,,
draft2019_09_nonvalid_default_id4_subschema1_not_2,450,944,4,3,true,0,0,0,1,0,0,1,0,0,0,1,0,0,true,false,true,2,,,,,
draft2019_09_nonvalid_default_id1_subschema1_not_2,451,2328,6,5,true,0,0,0,1,0,0,1,0,0,0,0,1,0,true,false,true,2,,,,,
draft2019_09_valid_patternProperties_id17_subschema1_not_2,451,3656,17,17,true,0,0,2,0,0,0,1,0,0,2,0,0,1,true,false,true,3,,,,,
draft2019_09_valid_patternProperties_id15_subschema1_not_2,453,2901,13,13,true,0,0,0,1,0,0,1,0,0,3,0,1,1,true,false,true,2,,,,,
draft2019_09_valid_ref_id8_subschema1_not_2,453,4251,14,13,true,0,0,0,1,0,1,2,1,0,2,2,0,0,true,false,true,3,,,,,
draft2019_09_valid_enum_id7_subschema1_not_2,455,6346,21,21,true,0,0,0,1,0,1,3,1,0,4,1,1,2,true,false,true,2,,,,,
draft2019_09_nonvalid_enum_id2_subschema1_not_2,456,2327,7,7,true,0,0,0,0,0,0,2,1,0,0,0,1,0,true,false,true,2,,,,,
draft2019_09_valid_default_id6_subschema1_not_2,457,3093,10,10,true,0,0,0,0,0,0,0,0,0,1,2,1,1,true,false,true,3,,,,,
draft2019_09_valid_ref_id4_subschema1_not_2,457,6560,24,24,true,0,0,0,1,0,0,1,1,0,6,0,1,2,true,false,true,3,,,,,
draft2019_09_nonvalid_required_id1_subschema1_not_2,458,1625,8,7,true,0,0,1,0,0,0,1,1,0,0,0,0,1,true,false,true,2,,,,,
draft2019_09_valid_ref_id6_subschema1_not_2,462,3389,13,12,true,1,0,0,0,0,0,0,0,0,1,0,1,1,true,false,true,3,,,,,
draft2019_09_nonvalid_additionalItems_id6_subschema1_not_2,465,3690,9,9,true,0,0,0,1,0,1,2,1,0,0,0,0,1,true,false,true,2,,,,,
draft2019_09_valid_ref_id33_subschema1_not_2,465,1733,5,4,true,0,0,0,1,0,0,1,1,0,0,0,0,0,true,false,true,2,,,,,
draft2019_09_nonvalid_properties_id3_subschema1_not_2,466,1060,3,3,true,0,0,0,1,0,0,0,1,0,0,0,1,0,true,false,true,2,,,,,
draft2019_09_nonvalid_properties_id4_subschema1_not_2,466,1095,3,3,true,1,0,0,0,0,0,1,0,0,0,0,1,0,true,false,true,2,,,,,
draft2019_09_valid_properties_id2_subschema1_not_2,468,5336,19,18,true,1,0,0,0,0,0,1,1,0,3,0,1,1,true,false,true,3,,,,,
draft2019_09_nonvalid_const_id2_subschema1_not_2,469,2564,10,10,true,0,0,1,1,0,0,1,1,0,1,0,1,1,true,false,true,2,,,,,
draft2019_09_valid_properties_id3_subschema1_not_2,469,5314,19,19,true,0,0,0,1,0,0,2,1,0,3,0,1,2,true,false,true,3,,,,,
draft2019_09_nonvalid_not_id3_subschema1_not_2,472,761,3,3,true,0,0,0,1,0,0,1,0,0,0,1,0,0,true,false,true,2,,,,,
draft2019_09_nonvalid_ref_id1_subschema1_not_2,472,2264,8,7,true,0,0,0,1,0,0,1,0,1,1,0,0,0,true,false,true,3,,,,,
draft2019_09_valid_additionalProperties_id11_subschema1_not_2,473,8407,35,35,true,0,0,0,1,0,0,2,1,1,5,0,3,3,true,false,true,3,,,,,
draft2019_09_nonvalid_additionalProperties_id4_subschema1_not_2,475,502,6,5,true,0,0,1,1,0,0,1,0,0,0,0,0,0,true,false,true,2,,,,,
draft2019_09_valid_patternProperties_id13_subschema1_not_2,477,8050,26,26,true,0,0,1,0,0,0,1,0,0,5,0,1,2,true,false,true,3,,,,,
draft4_valid_ref_id36_subschema1_not_2,477,1757,10,9,true,0,0,0,1,0,1,2,2,0,0,0,0,0,true,false,true,2,,,,,
draft2019_09_nonvalid_additionalProperties_id7_subschema1_not_2,482,1909,7,7,true,0,0,1,0,0,0,1,0,0,0,1,1,1,true,false,true,2,,,,,
draft2019_09_nonvalid_additionalProperties_id3_subschema1_not_2,484,366,4,4,true,1,0,0,1,0,1,0,0,0,0,0,0,0,true,false,true,2,,,,,
draft2019_09_nonvalid_default_id6_subschema1_not_2,484,774,2,2,true,0,0,0,0,0,0,1,0,0,0,0,0,0,true,false,true,2,,,,,
draft2019_09_nonvalid_anyOf_id4_subschema1_not_2,486,449,4,4,true,0,0,0,2,0,0,0,0,0,0,0,0,0,true,false,true,2,,,,,
draft2019_09_nonvalid_items_id5_subschema1_not_2,486,2516,6,5,true,0,0,0,0,0,1,1,1,0,0,1,1,0,true,false,true,2,,,,,
draft2019_09_nonvalid_oneOf_id3_subschema1_not_2,486,449,3,3,true,0,0,0,1,0,0,0,0,0,0,0,1,0,true,false,true,2,,,,,
draft2019_09_nonvalid_allOf_id9_subschema1_not_2,493,166,2,2,true,0,0,0,1,0,0,0,0,0,0,0,0,0,true,false,true,2,,,,,
draft2019_09_nonvalid_anyOf_id12_subschema1_not_2,493,166,1,0,true,0,0,0,0,0,0,0,0,0,0,0,0,0,true,false,true,2,,,,,
draft2019_09_nonvalid_oneOf_id12_subschema1_not_2,493,166,2,1,true,1,0,0,0,0,0,0,0,0,0,0,0,0,true,false,true,2,,,,,
draft2019_09_nonvalid_additionalItems_id1_subschema1_not_2,495,5317,15,14,true,0,0,0,1,0,1,3,2,0,0,1,0,0,true,false,true,2,,,,,
draft2019_09_nonvalid_default_id3_subschema1_not_2,501,1819,10,10,true,1,0,0,2,0,0,1,0,0,1,0,1,1,true,false,true,2,,,,,
draft2019_09_nonvalid_enum_id3_subschema1_not_2,503,2763,8,8,true,0,0,0,0,0,0,2,1,0,0,0,0,1,true,false,true,2,,,,,
draft2019_09_valid_ref_id34_subschema1_not_2,503,3509,12,12,true,0,0,0,1,0,1,1,1,1,2,1,1,1,true,false,true,2,,,,,
draft2019_09_nonvalid_const_id4_subschema1_not_2,505,3130,8,7,true,0,0,0,1,0,0,1,1,1,0,0,0,0,true,false,true,2,,,,,
draft2019_09_valid_additionalProperties_id2_subschema1_not_2,512,9011,23,23,true,0,0,1,1,0,0,1,1,0,4,1,1,2,true,false,true,2,,,,,
draft2019_09_nonvalid_items_id4_subschema1_not_2,513,3235,15,15,true,1,0,0,1,0,1,3,1,0,0,0,2,0,true,false,true,2,,,,,
draft2019_09_nonvalid_properties_id2_subschema1_not_2,514,2598,8,8,true,0,0,0,0,0,0,1,1,1,1,0,1,1,true,false,true,2,,,,,
draft2019_09_nonvalid_patternProperties_id6_subschema1_not_2,515,3459,13,12,true,0,0,1,1,0,0,1,0,0,3,0,1,0,true,false,true,3,,,,,
draft6_valid_ref_id39_subschema1_not_2,515,3533,10,10,true,0,0,0,0,0,0,1,0,0,2,0,1,1,true,false,true,2,,,,,
draft2019_09_nonvalid_patternProperties_id7_subschema1_not_2,518,3764,13,13,true,1,0,0,1,0,0,1,1,0,3,0,2,1,true,false,true,3,,,,,
draft2019_09_nonvalid_not_id4_subschema1_not_2,519,2615,11,10,true,0,0,0,1,0,0,1,0,1,1,0,1,1,true,false,true,3,,,,,
draft2019_09_nonvalid_additionalProperties_id1_subschema1_not_2,521,1736,8,8,true,1,0,0,1,0,1,0,0,0,1,0,1,1,true,false,true,2,,,,,
draft2019_09_nonvalid_patternProperties_id10_subschema1_not_2,526,2522,10,10,true,0,0,0,1,0,0,1,1,0,3,0,1,1,true,false,true,3,,,,,
draft2019_09_valid_additionalProperties_id15_subschema1_not_2,526,5697,22,22,true,0,0,0,1,0,0,1,0,0,3,1,1,2,true,false,true,3,,,,,
draft2019_09_nonvalid_ref_id2_subschema1_not_2,527,4978,19,18,true,0,0,1,0,0,0,3,1,0,4,1,1,1,true,false,true,3,,,,,
draft2019_09_nonvalid_ref_id4_subschema1_not_2,528,3632,11,10,true,0,1,0,0,0,0,2,1,1,0,0,1,0,true,false,true,2,,,,,
draft6_valid_ref_id35_subschema1_not_2,531,489,2,2,true,0,0,0,0,0,0,1,0,0,0,0,1,0,true,false,true,2,,,,,
draft2019_09_nonvalid_default_id5_subschema1_not_2,532,1990,5,5,true,0,0,0,0,0,1,0,1,0,1,0,0,1,true,false,true,2,,,,,
draft2019_09_nonvalid_patternProperties_id9_subschema1_not_2,532,2335,13,13,true,0,0,1,1,0,0,1,1,0,4,0,1,1,true,false,true,3,,,,,
draft2019_09_nonvalid_ref_id3_subschema1_not_2,538,2675,9,9,true,0,0,0,0,0,0,1,1,0,2,0,0,1,true,false,true,3,,,,,
draft2019_09_nonvalid_items_id6_subschema1_not_2,539,3776,7,6,true,0,0,0,0,0,0,1,0,0,0,0,0,0,true,false,true,2,,,,,
draft2019_09_nonvalid_additionalItems_id11_subschema1_not_2,541,4540,8,8,true,0,0,1,0,0,1,1,1,2,0,1,0,1,true,false,true,2,,,,,
draft2019_09_valid_allOf_id23_subschema1_not_2,543,934,2,2,true,0,0,0,0,0,0,1,0,0,0,0,1,0,true,false,true,2,,,,,
draft2019_09_valid_allOf_id24_subschema1_not_2,543,934,2,2,true,0,0,0,0,0,0,1,0,0,0,0,1,0,true,false,true,2,,,,,
draft2019_09_valid_allOf_id25_subschema1_not_2,543,934,3,2,true,0,0,0,0,0,0,1,0,0,0,0,0,0,true,false,true,2,,,,,
draft2019_09_valid_allOf_id27_subschema1_not_2,543,934,2,2,true,0,0,0,1,0,0,0,0,0,1,0,0,0,true,false,true,2,,,,,
draft2019_09_valid_allOf_id29_subschema1_not_2,543,934,2,2,true,0,0,0,0,0,0,0,0,0,0,1,0,0,true,false,true,2,,,,,
draft2019_09_valid_allOf_id26_subschema1_not_2,544,942,6,5,true,1,0,0,0,0,1,1,0,0,0,0,0,0,true,false,true,2,,,,,
draft2019_09_valid_allOf_id28_subschema1_not_2,544,942,3,3,true,1,0,0,0,0,0,1,0,0,0,0,0,0,true,false,true,2,,,,,
draft2019_09_nonvalid_additionalProperties_id8_subschema1_not_2,546,4230,16,16,true,0,0,0,2,0,0,2,1,0,2,0,1,2,true,false,true,2,,,,,
draft2019_09_nonvalid_properties_id1_subschema1_not_2,546,4138,20,20,true,0,0,0,1,0,0,10,1,1,2,1,0,1,true,false,true,3,,,,,
draft2019_09_nonvalid_patternProperties_id8_subschema1_not_2,547,5470,18,18,true,0,0,1,1,0,1,2,2,0,3,0,0,1,true,false,true,3,,,,,
draft2019_09_nonvalid_additionalProperties_id5_subschema1_not_2,553,3271,14,13,true,0,0,1,2,0,1,1,1,0,2,1,0,1,true,false,true,2,,,,,
draft2019_09_nonvalid_additionalProperties_id2_subschema1_not_2,560,3364,7,7,true,0,0,0,2,0,0,1,0,0,0,0,0,1,true,false,true,2,,,,,
draft2019_09_nonvalid_items_id8_subschema1_not_2,566,4482,8,8,true,0,1,0,0,0,0,1,1,1,0,0,0,1,true,false,true,2,,,,,
draft6_nonvalid_ref_id18_subschema1_not_2,592,651,2,2,true,0,0,0,0,0,0,0,0,1,0,0,0,0,true,false,true,2,,,,,
draft2019_09_valid_enum_id16_subschema1_not_2,605,2799,11,11,true,0,0,1,0,0,0,1,1,0,2,0,1,1,true,false,true,2,,,,,
draft2019_09_valid_oneOf_id18_subschema1_not_2,635,3306,11,11,true,0,0,0,0,0,0,1,1,0,4,1,1,1,true,false,true,2,,,,,
draft2019_09_nonvalid_allOf_id10_subschema1_not_2,647,565,2,2,true,0,0,0,1,0,0,0,0,0,0,0,0,1,true,false,true,2,,,,,
draft2019_09_valid_enum_id15_subschema1_not_2,655,5057,11,11,true,0,0,0,0,0,1,1,0,0,2,0,1,1,true,false,true,3,,,,,
draft2019_09_nonvalid_additionalItems_id10_subschema1_not_2,665,2515,14,13,true,0,0,9,0,0,0,1,0,1,0,0,0,0,true,false,true,2,,,,,
draft2019_09_valid_enum_id12_subschema1_not_2,690,7260,18,18,true,0,0,0,1,0,0,1,0,0,4,0,1,1,true,false,true,3,,,,,
draft2019_09_valid_enum_id13_subschema1_not_2,690,7260,16,16,true,0,0,0,0,0,0,1,1,2,3,0,1,1,true,false,true,3,,,,,
draft2019_09_valid_oneOf_id21_subschema1_not_2,695,10867,32,19,false,0,0,0,1,0,0,1,0,0,6,1,2,2,true,false,true,2,,,,,
draft2019_09_valid_properties_id11_subschema1_not_2,720,6906,24,24,true,0,0,1,3,0,1,1,1,0,3,1,1,1,true,false,true,3,,,,,
draft2019_09_valid_properties_id9_subschema1_not_2,720,7319,27,27,true,0,0,1,3,0,1,2,1,0,3,2,2,1,true,false,true,3,,,,,
draft2019_09_valid_properties_id14_subschema1_not_2,724,6956,22,22,true,0,0,0,2,0,1,1,0,0,3,0,2,1,true,false,true,3,,,,,
draft2019_09_nonvalid_enum_id7_subschema1_not_2,762,2581,5,5,true,0,0,0,0,0,0,1,0,0,0,1,1,1,true,false,true,2,,,,,
draft2019_09_nonvalid_oneOf_id8_subschema1_not_2,768,4310,7,6,true,0,0,0,0,0,0,0,0,0,1,0,0,1,true,false,true,2,,,,,
draft2019_09_nonvalid_oneOf_id9_subschema1_not_2,768,4310,13,13,true,0,0,0,1,0,0,3,1,1,3,0,1,1,true,false,true,2,,,,,
draft4_valid_oneOf_id21_subschema1_not_2,785,5930,12,12,true,0,0,0,1,0,0,1,0,0,3,0,1,1,true,false,true,2,,,,,
draft2019_09_valid_oneOf_id25_subschema1_not_2,791,5930,12,12,true,0,0,0,0,0,0,1,0,0,3,0,1,2,true,false,true,2,,,,,
draft2019_09_nonvalid_enum_id6_subschema1_not_2,796,2625,6,6,true,0,1,0,0,0,0,0,1,0,1,0,0,1,true,false,true,2,,,,,
draft4_valid_oneOf_id20_subschema1_not_2,814,15352,41,25,false,0,0,0,0,0,0,1,1,0,9,0,2,2,true,false,true,2,,,,,
draft2019_09_valid_additionalItems_id13_subschema1_not_2,819,5885,21,21,true,1,0,0,1,0,1,4,2,0,2,2,1,1,true,false,true,3,,,,,
draft2019_09_valid_oneOf_id24_subschema1_not_2,820,15352,44,26,false,0,0,1,0,0,0,1,0,0,8,0,2,2,true,false,true,2,,,,,
draft2019_09_nonvalid_properties_id7_subschema1_not_2,831,4274,14,13,true,0,0,1,1,0,0,1,1,0,4,1,1,0,true,false,true,3,,,,,
draft2019_09_nonvalid_properties_id8_subschema1_not_2,831,4724,12,12,true,0,0,0,0,0,0,1,0,0,2,0,1,1,true,false,true,3,,,,,
draft2019_09_valid_properties_id8_subschema1_not_2,848,15285,34,34,true,0,0,0,1,0,1,3,5,2,5,2,1,1,true,false,true,3,,,,,
draft2019_09_valid_allOf_id3_subschema1_not_2,898,4989,19,18,true,0,0,0,1,0,0,2,1,0,3,0,1,0,true,false,true,3,,,,,
draft4_nonvalid_oneOf_id9_subschema1_not_2,899,2458,7,7,true,0,0,0,1,0,0,1,0,0,1,0,0,1,true,false,true,2,,,,,
draft2019_09_valid_allOf_id2_subschema1_not_2,902,4622,11,11,true,0,0,0,1,0,0,1,0,1,1,0,1,0,true,false,true,3,,,,,
draft4_nonvalid_oneOf_id10_subschema1_not_2,903,2163,6,6,true,0,0,0,1,0,0,1,0,0,1,0,0,1,true,false,true,2,,,,,
draft2019_09_nonvalid_oneOf_id10_subschema1_not_2,905,2458,6,5,true,0,0,0,0,0,0,1,0,0,1,0,1,0,true,false,true,2,,,,,
draft2019_09_nonvalid_properties_id5_subschema1_not_2,905,7568,16,15,true,0,1,0,1,0,1,1,2,1,2,1,1,0,true,false,true,3,,,,,
draft2019_09_nonvalid_properties_id6_subschema1_not_2,905,8192,19,18,true,1,0,0,1,0,0,2,2,0,4,1,1,0,true,false,true,3,,,,,
draft2019_09_nonvalid_oneOf_id11_subschema1_not_2,909,2163,9,8,true,0,0,1,0,0,0,0,0,0,1,0,0,1,true,false,true,2,,,,,
draft2019_09_valid_oneOf_id14_subschema1_not_2,932,13762,58,36,false,0,0,0,0,0,0,1,0,0,11,2,2,2,true,false,true,3,,,,,
draft2019_09_valid_anyOf_id14_subschema1_not_2,933,8496,33,32,true,0,1,0,1,0,1,3,2,0,7,0,2,1,true,false,true,3,,,,,
draft2019_09_valid_oneOf_id15_subschema1_not_2,933,8496,26,26,true,0,0,0,1,0,1,2,2,0,6,0,2,1,true,false,true,3,,,,,
draft2019_09_valid_allOf_id4_subschema1_not_2,937,7058,25,25,true,0,0,0,1,0,0,1,0,1,6,0,1,1,true,false,true,3,,,,,
draft2019_09_nonvalid_anyOf_id7_subschema1_not_2,1029,3407,12,12,true,0,0,0,0,0,0,1,0,0,3,0,1,1,true,false,true,3,,,,,
draft2019_09_nonvalid_oneOf_id5_subschema1_not_2,1029,3407,10,9,true,0,0,0,0,0,0,1,0,0,3,0,1,0,true,false,true,3,,,,,
draft2019_09_nonvalid_anyOf_id8_subschema1_not_2,1033,3098,9,8,true,0,0,0,1,0,0,1,0,0,1,0,1,0,true,false,true,3,,,,,
draft2019_09_nonvalid_oneOf_id6_subschema1_not_2,1033,3098,9,8,true,0,0,0,0,0,0,1,0,0,1,0,1,0,true,false,true,3,,,,,
draft2019_09_nonvalid_allOf_id1_subschema1_not_2,1063,4118,9,9,true,0,0,0,1,0,0,1,1,0,1,1,0,1,true,false,true,3,,,,,
draft2019_09_nonvalid_anyOf_id9_subschema1_not_2,1063,4831,13,13,true,0,0,0,0,0,1,1,1,0,3,1,1,1,true,false,true,3,,,,,
draft2019_09_valid_allOf_id9_subschema1_not_2,1114,6415,19,19,true,0,0,0,1,0,0,1,0,0,4,0,1,1,true,false,true,3,,,,,
draft2019_09_valid_allOf_id7_subschema1_not_2,1147,8644,26,26,true,0,0,0,1,0,0,2,1,1,6,0,1,1,true,false,true,3,,,,,
draft2019_09_valid_allOf_id8_subschema1_not_2,1149,9355,30,30,true,0,0,1,1,0,0,4,1,1,8,1,2,1,true,false,true,3,,,,,
draft2019_09_valid_allOf_id6_subschema1_not_2,1152,8279,28,28,true,1,0,0,1,0,1,2,1,1,7,2,1,2,true,false,true,3,,,,,
draft2019_09_valid_items_id26_subschema1_not_2,1190,39776,96,96,true,0,1,0,1,0,1,8,7,1,36,7,4,2,true,false,true,3,,,,,
draft2019_09_nonvalid_allOf_id2_subschema1_not_2,1345,4842,19,19,true,0,0,0,1,0,0,2,2,0,4,1,1,1,true,false,true,3,,,,,
draft2019_09_valid_items_id25_subschema1_not_2,1420,47289,128,128,true,0,0,0,2,0,2,16,11,1,44,10,4,2,true,false,true,3,,,,,
draft2019_09_nonvalid_items_id16_subschema1_not_2,1513,31325,64,64,true,0,0,0,3,0,5,16,12,1,1,3,2,1,true,false,true,2,,,,,
